{"root":{"axis":{"x":null,"y":null,"z":null},"axisOrder":"XYZ","joint":[{"axis":{"x":0.0,"y":0.0,"z":0.0},"joint":[{"axis":{"x":0.0,"y":0.0,"z":0.3490658503988659},"joint":[{"axis":{"x":0.0,"y":0.0,"z":0.3490658503988659},"joint":[{"axis":{"x":-1.5707963267948966,"y":1.3314279105423782E-17,"z":0.3490658503988659},"joint":[{"axis":{"x":-1.5707963267948966,"y":1.3314279105423782E-17,"z":0.3490658503988659},"joint":[],"length":1.09427,"name":"ltoes","translate":{"x":2.035030077104037E-15,"y":-1.09427,"z":-4.9108133930948547E-11}}],"length":2.17365,"name":"lfoot","translate":{"x":-2.6351101112327757E-7,"y":-2.1316029143999997,"z":-0.4254714652750433}}],"length":7.58108,"name":"ltibia","translate":{"x":-2.0042929897989836E-6,"y":-7.5810823298509975,"z":0.0}}],"length":7.12796,"name":"lfemur","translate":{"x":-1.8844967022424441E-6,"y":-7.127962190596158,"z":0.0}}],"length":2.5669,"name":"lhipjoint","translate":{"x":1.8229815772,"y":-1.5834590043999999,"z":0.8708439270999999}},{"axis":{"x":0.0,"y":0.0,"z":0.0},"joint":[{"axis":{"x":0.0,"y":0.0,"z":-0.3490658503988659},"joint":[{"axis":{"x":0.0,"y":0.0,"z":-0.3490658503988659},"joint":[{"axis":{"x":-1.5707963267948966,"y":-1.3314279105423782E-17,"z":-0.3490658503988659},"joint":[{"axis":{"x":-1.5707963267948966,"y":-1.3314279105423782E-17,"z":-0.3490658503988659},"joint":[],"length":1.10919,"name":"rtoes","translate":{"x":4.371961553719302E-16,"y":-1.10919,"z":-4.9803709309346686E-11}}],"length":2.20493,"name":"rfoot","translate":{"x":-1.0377986242493476E-7,"y":-2.15973554979,"z":-0.44413607342766304}}],"length":7.64926,"name":"rtibia","translate":{"x":2.0223184820089557E-6,"y":-7.649262350804376,"z":0.0}}],"length":7.33006,"name":"rfemur","translate":{"x":1.9379280891129724E-6,"y":-7.330062252706422,"z":0.0}}],"length":2.53115,"name":"rhipjoint","translate":{"x":-1.7722884496499998,"y":-1.5834595973499996,"z":0.8708421574999999}},{"axis":{"x":0.0,"y":0.0,"z":0.0},"joint":[{"axis":{"x":0.0,"y":0.0,"z":0.0},"joint":[{"axis":{"x":0.0,"y":0.0,"z":0.0},"joint":[{"axis":{"x":0.0,"y":0.0,"z":0.0},"joint":[{"axis":{"x":0.0,"y":0.0,"z":0.0},"joint":[{"axis":{"x":0.0,"y":0.0,"z":0.0},"joint":[],"length":1.93197,"name":"head","translate":{"x":0.033824157972,"y":1.9308958246799999,"z":-0.054825831054}}],"length":1.8829,"name":"upperneck","translate":{"x":0.08207730561,"y":1.8775883391000001,"z":-0.11505046212}}],"length":1.8912,"name":"lowerneck","translate":{"x":-0.06371320416,"y":1.8865627776,"z":0.11601831168}},{"axis":{"x":0.0,"y":0.0,"z":0.0},"joint":[{"axis":{"x":3.141592653589793,"y":-0.5235987755982988,"z":-1.5707963267948966},"joint":[{"axis":{"x":3.141592653589793,"y":-0.5235987755982988,"z":-1.5707963267948966},"joint":[{"axis":{"x":-1.0984631073154271E-16,"y":1.5707963267948966,"z":1.5707963267948966},"joint":[{"axis":{"x":-2.0050691512761257E-16,"y":1.5707963267948966,"z":1.5707963267948966},"joint":[{"axis":{"x":-4.010225569014851E-16,"y":1.5707963267948966,"z":1.5707963267948966},"joint":[],"length":0.574699,"name":"lfingers","translate":{"x":-2.228461155773456E-26,"y":-0.574699,"z":-2.5805272305197887E-11}}],"length":0.712827,"name":"lhand","translate":{"x":-1.4793535654164304E-26,"y":-0.712827,"z":-3.200375053227759E-11}},{"axis":{"x":-1.5707963267948966,"y":0.7853981633974483,"z":9.379731012775405E-16},"joint":[],"length":0.825157,"name":"lthumb","translate":{"x":5.551115123125783E-17,"y":-0.825157255343969,"z":-5.239631594288048E-11}}],"length":1.57968,"name":"lwrist","translate":{"x":-1.8563490440035384E-26,"y":-1.57968,"z":-7.092296975451735E-11}}],"length":3.15936,"name":"lradius","translate":{"x":1.2284222156343833E-10,"y":-3.15936,"z":7.092260277749162E-11}}],"length":5.43301,"name":"lhumerus","translate":{"x":2.112406246699108E-10,"y":-5.43301,"z":1.21959166165127E-10}}],"length":3.60004,"name":"lclavicle","translate":{"x":3.30902716656,"y":1.403565595,"z":0.20155759950399998}},{"axis":{"x":0.0,"y":0.0,"z":0.0},"joint":[{"axis":{"x":3.141592653589793,"y":0.5235987755982988,"z":1.5707963267948966},"joint":[{"axis":{"x":3.141592653589793,"y":0.5235987755982988,"z":1.5707963267948966},"joint":[{"axis":{"x":-1.0984631073154271E-16,"y":-1.5707963267948966,"z":-1.5707963267948966},"joint":[{"axis":{"x":-2.0050691512761257E-16,"y":-1.5707963267948966,"z":-1.5707963267948966},"joint":[{"axis":{"x":-4.010225569014851E-16,"y":-1.5707963267948966,"z":-1.5707963267948966},"joint":[],"length":0.599721,"name":"rfingers","translate":{"x":2.3252612559300146E-26,"y":-0.599721,"z":-2.6928216428228694E-11}}],"length":0.743862,"name":"rhand","translate":{"x":1.5442001092619218E-26,"y":-0.743862,"z":-3.3399507401064034E-11}},{"axis":{"x":-1.5707963267948966,"y":-0.7853981633974483,"z":-9.379731012775405E-16},"joint":[],"length":0.861083,"name":"rthumb","translate":{"x":-1.1102230246251565E-16,"y":-0.8610832664612321,"z":-5.468144159237089E-11}}],"length":1.59676,"name":"rwrist","translate":{"x":1.8763865865834896E-26,"y":-1.59676,"z":-7.168949199284397E-11}}],"length":3.19351,"name":"rradius","translate":{"x":-1.241658932213989E-10,"y":-3.19351,"z":7.168682078336501E-11}}],"length":5.34194,"name":"rhumerus","translate":{"x":-2.077038996051062E-10,"y":-5.34194,"z":1.1991724814977082E-10}}],"length":3.51494,"name":"rclavicle","translate":{"x":-3.12947058996,"y":1.6003697567000001,"z":-0.0046436223834}}],"length":2.17652,"name":"thorax","translate":{"x":0.038534633644,"y":2.15719032588,"z":0.28685880644}}],"length":2.10457,"name":"upperback","translate":{"x":0.027171892812999997,"y":2.1004303108099998,"z":0.12912063092499998}}],"length":2.14596,"name":"lowerback","translate":{"x":-0.036023801328,"y":2.1242278630800002,"z":-0.30249237564000003}}],"name":"root","order":"TX","orientation":"0","position":[0.0,0.0,0.0],"translate":{"x":-2.95645,"y":16.8291,"z":-36.2757}}}